<?xml version="1.0" encoding="ISO-8859-1"?><pnml>
<net id="Net-One" type="P/T net">
<token id="Default" enabled="true" red="0" green="0" blue="0"/>
<place id="CCS MAINT 6">
<graphics>
<position x="225.0" y="315.0"/>
</graphics>
<name>
<value>CCS MAINT 6</value>
<graphics>
<offset x="52.0" y="-20.0"/>
</graphics>
</name>
<initialMarking>
<value>Default,1</value>
<graphics>
<offset x="0.0" y="0.0"/>
</graphics>
</initialMarking>
<capacity>
<value>0</value>
</capacity>
</place>
<place id="dec setting">
<graphics>
<position x="120.0" y="315.0"/>
</graphics>
<name>
<value>dec setting</value>
<graphics>
<offset x="46.0" y="-20.5"/>
</graphics>
</name>
<initialMarking>
<value>Default,1</value>
<graphics>
<offset x="0.0" y="0.0"/>
</graphics>
</initialMarking>
<capacity>
<value>0</value>
</capacity>
</place>
<place id="Thr DEC 3">
<graphics>
<position x="225.0" y="495.0"/>
</graphics>
<name>
<value>Thr DEC 3</value>
<graphics>
<offset x="-7.5" y="30.0"/>
</graphics>
</name>
<initialMarking>
<value>Default,0</value>
<graphics>
<offset x="0.0" y="0.0"/>
</graphics>
</initialMarking>
<capacity>
<value>0</value>
</capacity>
</place>
<place id="Thr SAME 6">
<graphics>
<position x="315.0" y="315.0"/>
</graphics>
<name>
<value>Thr SAME 6</value>
<graphics>
<offset x="48.0" y="-25.0"/>
</graphics>
</name>
<initialMarking>
<value>Default,1</value>
<graphics>
<offset x="0.0" y="0.0"/>
</graphics>
</initialMarking>
<capacity>
<value>0</value>
</capacity>
</place>
<transition id="dec speed for CCS">
<graphics>
<position x="225.0" y="405.0"/>
</graphics>
<name>
<value>dec speed for CCS</value>
<graphics>
<offset x="-6.0" y="28.0"/>
</graphics>
</name>
<orientation>
<value>90</value>
</orientation>
<rate>
<value>1.0</value>
</rate>
<timed>
<value>false</value>
</timed>
<infiniteServer>
<value>false</value>
</infiniteServer>
<priority>
<value>1</value>
</priority>
</transition>
<arc id="CCS MAINT 6 to dec speed for CCS" source="CCS MAINT 6" target="dec speed for CCS">
<graphics/>
<inscription>
<value>Default,1</value>
<graphics/>
</inscription>
<tagged>
<value>false</value>
</tagged>
<arcpath id="000" x="237" y="342" curvePoint="false"/>
<arcpath id="001" x="236" y="412" curvePoint="false"/>
<type value="normal"/>
</arc>
<arc id="dec setting to dec speed for CCS" source="dec setting" target="dec speed for CCS">
<graphics/>
<inscription>
<value>Default,1</value>
<graphics/>
</inscription>
<tagged>
<value>false</value>
</tagged>
<arcpath id="000" x="144" y="337" curvePoint="false"/>
<arcpath id="001" x="229" y="412" curvePoint="false"/>
<type value="normal"/>
</arc>
<arc id="dec speed for CCS to CCS MAINT 6" source="dec speed for CCS" target="CCS MAINT 6">
<graphics/>
<inscription>
<value>Default,1</value>
<graphics/>
</inscription>
<tagged>
<value>false</value>
</tagged>
<arcpath id="000" x="234" y="412" curvePoint="false"/>
<arcpath id="001" x="237" y="342" curvePoint="false"/>
<type value="normal"/>
</arc>
<arc id="dec speed for CCS to dec setting" source="dec speed for CCS" target="dec setting">
<graphics/>
<inscription>
<value>Default,1</value>
<graphics/>
</inscription>
<tagged>
<value>false</value>
</tagged>
<arcpath id="000" x="232" y="412" curvePoint="false"/>
<arcpath id="001" x="144" y="337" curvePoint="false"/>
<type value="normal"/>
</arc>
<arc id="dec speed for CCS to Thr DEC 3" source="dec speed for CCS" target="Thr DEC 3">
<graphics/>
<inscription>
<value>Default,1</value>
<graphics/>
</inscription>
<tagged>
<value>false</value>
</tagged>
<arcpath id="000" x="237" y="422" curvePoint="false"/>
<arcpath id="001" x="237" y="493" curvePoint="false"/>
<type value="normal"/>
</arc>
<arc id="Thr SAME 6 to dec speed for CCS" source="Thr SAME 6" target="dec speed for CCS">
<graphics/>
<inscription>
<value>Default,1</value>
<graphics/>
</inscription>
<tagged>
<value>false</value>
</tagged>
<arcpath id="000" x="317" y="338" curvePoint="false"/>
<arcpath id="001" x="243" y="413" curvePoint="false"/>
<type value="normal"/>
</arc>
</net>
</pnml>
