<?xml version="1.0" encoding="ISO-8859-1"?><pnml>
<net id="Net-One" type="P/T net">
<token id="Default" enabled="true" red="0" green="0" blue="0"/>
<place id="above freq">
<graphics>
<position x="442.5" y="242.5"/>
</graphics>
<name>
<value>above freq</value>
<graphics>
<offset x="43.0" y="-4.0"/>
</graphics>
</name>
<initialMarking>
<value>Default,1</value>
<graphics>
<offset x="0.0" y="0.0"/>
</graphics>
</initialMarking>
<capacity>
<value>0</value>
</capacity>
</place>
<place id="at freq">
<graphics>
<position x="132.5" y="242.5"/>
</graphics>
<name>
<value>at freq</value>
<graphics>
<offset x="38.0" y="-6.875"/>
</graphics>
</name>
<initialMarking>
<value>Default,1</value>
<graphics>
<offset x="0.0" y="0.0"/>
</graphics>
</initialMarking>
<capacity>
<value>0</value>
</capacity>
</place>
<place id="below freq">
<graphics>
<position x="385.0" y="165.0"/>
</graphics>
<name>
<value>below freq</value>
<graphics>
<offset x="39.0" y="-3.0"/>
</graphics>
</name>
<initialMarking>
<value>Default,1</value>
<graphics>
<offset x="0.0" y="0.0"/>
</graphics>
</initialMarking>
<capacity>
<value>0</value>
</capacity>
</place>
<place id="CCS MAINT 2">
<graphics>
<position x="285.0" y="60.0"/>
</graphics>
<name>
<value>CCS MAINT 2</value>
<graphics>
<offset x="50.0" y="-1.0"/>
</graphics>
</name>
<initialMarking>
<value>Default,1</value>
<graphics>
<offset x="0.0" y="0.0"/>
</graphics>
</initialMarking>
<capacity>
<value>0</value>
</capacity>
</place>
<place id="The INC">
<graphics>
<position x="287.5" y="330.0"/>
</graphics>
<name>
<value>The INC</value>
<graphics>
<offset x="1.0" y="36.0"/>
</graphics>
</name>
<initialMarking>
<value>Default,0</value>
<graphics>
<offset x="0.0" y="0.0"/>
</graphics>
</initialMarking>
<capacity>
<value>0</value>
</capacity>
</place>
<place id="Thr DEC">
<graphics>
<position x="390.0" y="330.0"/>
</graphics>
<name>
<value>Thr DEC</value>
<graphics>
<offset x="73.0" y="32.0"/>
</graphics>
</name>
<initialMarking>
<value>Default,0</value>
<graphics>
<offset x="0.0" y="0.0"/>
</graphics>
</initialMarking>
<capacity>
<value>0</value>
</capacity>
</place>
<place id="Thr SAME 2">
<graphics>
<position x="185.0" y="165.0"/>
</graphics>
<name>
<value>Thr SAME 2</value>
<graphics>
<offset x="46.25" y="-7.5"/>
</graphics>
</name>
<initialMarking>
<value>Default,1</value>
<graphics>
<offset x="0.0" y="0.0"/>
</graphics>
</initialMarking>
<capacity>
<value>0</value>
</capacity>
</place>
<transition id="dec speed">
<graphics>
<position x="355.0" y="242.5"/>
</graphics>
<name>
<value>dec speed</value>
<graphics>
<offset x="67.75" y="27.875"/>
</graphics>
</name>
<orientation>
<value>90</value>
</orientation>
<rate>
<value>1.0</value>
</rate>
<timed>
<value>false</value>
</timed>
<infiniteServer>
<value>false</value>
</infiniteServer>
<priority>
<value>1</value>
</priority>
</transition>
<transition id="inc speed">
<graphics>
<position x="285.0" y="165.0"/>
</graphics>
<name>
<value>inc speed</value>
<graphics>
<offset x="44.666666666666664" y="33.99999999999999"/>
</graphics>
</name>
<orientation>
<value>90</value>
</orientation>
<rate>
<value>1.0</value>
</rate>
<timed>
<value>false</value>
</timed>
<infiniteServer>
<value>false</value>
</infiniteServer>
<priority>
<value>1</value>
</priority>
</transition>
<transition id="stab speed">
<graphics>
<position x="235.0" y="242.5"/>
</graphics>
<name>
<value>stab speed</value>
<graphics>
<offset x="7.0" y="37.0"/>
</graphics>
</name>
<orientation>
<value>90</value>
</orientation>
<rate>
<value>1.0</value>
</rate>
<timed>
<value>false</value>
</timed>
<infiniteServer>
<value>false</value>
</infiniteServer>
<priority>
<value>1</value>
</priority>
</transition>
<arc id="above freq to dec speed" source="above freq" target="dec speed">
<graphics/>
<inscription>
<value>Default,1</value>
<graphics/>
</inscription>
<tagged>
<value>false</value>
</tagged>
<arcpath id="000" x="704" y="402" curvePoint="false"/>
<arcpath id="001" x="431" y="342" curvePoint="false"/>
<type value="normal"/>
</arc>
<arc id="at freq to stab speed" source="at freq" target="stab speed">
<graphics/>
<inscription>
<value>Default,1</value>
<graphics/>
</inscription>
<tagged>
<value>false</value>
</tagged>
<arcpath id="000" x="159" y="255" curvePoint="false"/>
<arcpath id="001" x="231" y="255" curvePoint="false"/>
<type value="normal"/>
</arc>
<arc id="below freq to inc speed" source="below freq" target="inc speed">
<graphics/>
<inscription>
<value>Default,1</value>
<graphics/>
</inscription>
<tagged>
<value>false</value>
</tagged>
<arcpath id="000" x="382" y="177" curvePoint="false"/>
<arcpath id="001" x="311" y="178" curvePoint="false"/>
<type value="normal"/>
</arc>
<arc id="CCS MAINT 2 to dec speed" source="CCS MAINT 2" target="dec speed">
<graphics/>
<inscription>
<value>Default,1</value>
<graphics/>
</inscription>
<tagged>
<value>false</value>
</tagged>
<arcpath id="000" x="302" y="86" curvePoint="false"/>
<arcpath id="001" x="366" y="249" curvePoint="false"/>
<type value="normal"/>
</arc>
<arc id="CCS MAINT 2 to inc speed" source="CCS MAINT 2" target="inc speed">
<graphics/>
<inscription>
<value>Default,1</value>
<graphics/>
</inscription>
<tagged>
<value>false</value>
</tagged>
<arcpath id="000" x="298" y="86" curvePoint="false"/>
<arcpath id="001" x="301" y="172" curvePoint="false"/>
<type value="normal"/>
</arc>
<arc id="CCS MAINT 2 to stab speed" source="CCS MAINT 2" target="stab speed">
<graphics/>
<inscription>
<value>Default,1</value>
<graphics/>
</inscription>
<tagged>
<value>false</value>
</tagged>
<arcpath id="000" x="293" y="86" curvePoint="false"/>
<arcpath id="001" x="251" y="250" curvePoint="false"/>
<type value="normal"/>
</arc>
<arc id="dec speed to above freq" source="dec speed" target="above freq">
<graphics/>
<inscription>
<value>Default,1</value>
<graphics/>
</inscription>
<tagged>
<value>false</value>
</tagged>
<arcpath id="000" x="381" y="255" curvePoint="false"/>
<arcpath id="001" x="440" y="255" curvePoint="false"/>
<type value="normal"/>
</arc>
<arc id="dec speed to CCS MAINT 2" source="dec speed" target="CCS MAINT 2">
<graphics/>
<inscription>
<value>Default,1</value>
<graphics/>
</inscription>
<tagged>
<value>false</value>
</tagged>
<arcpath id="000" x="411" y="336" curvePoint="false"/>
<arcpath id="001" x="469" y="138" curvePoint="false"/>
<type value="normal"/>
</arc>
<arc id="dec speed to Thr DEC" source="dec speed" target="Thr DEC">
<graphics/>
<inscription>
<value>Default,1</value>
<graphics/>
</inscription>
<tagged>
<value>false</value>
</tagged>
<arcpath id="000" x="371" y="260" curvePoint="false"/>
<arcpath id="001" x="396" y="328" curvePoint="false"/>
<type value="normal"/>
</arc>
<arc id="inc speed to below freq" source="inc speed" target="below freq">
<graphics/>
<inscription>
<value>Default,1</value>
<graphics/>
</inscription>
<tagged>
<value>false</value>
</tagged>
<arcpath id="000" x="311" y="177" curvePoint="false"/>
<arcpath id="001" x="613" y="276" curvePoint="false"/>
<type value="normal"/>
</arc>
<arc id="inc speed to CCS MAINT 2" source="inc speed" target="CCS MAINT 2">
<graphics/>
<inscription>
<value>Default,1</value>
<graphics/>
</inscription>
<tagged>
<value>false</value>
</tagged>
<arcpath id="000" x="291" y="171" curvePoint="false"/>
<arcpath id="001" x="296" y="86" curvePoint="false"/>
<type value="normal"/>
</arc>
<arc id="inc speed to The INC" source="inc speed" target="The INC">
<graphics/>
<inscription>
<value>Default,1</value>
<graphics/>
</inscription>
<tagged>
<value>false</value>
</tagged>
<arcpath id="000" x="296" y="181" curvePoint="false"/>
<arcpath id="001" x="299" y="327" curvePoint="false"/>
<type value="normal"/>
</arc>
<arc id="stab speed to at freq" source="stab speed" target="at freq">
<graphics/>
<inscription>
<value>Default,1</value>
<graphics/>
</inscription>
<tagged>
<value>false</value>
</tagged>
<arcpath id="000" x="206" y="342" curvePoint="false"/>
<arcpath id="001" x="223" y="385" curvePoint="false"/>
<type value="normal"/>
</arc>
<arc id="stab speed to CCS MAINT 2" source="stab speed" target="CCS MAINT 2">
<graphics/>
<inscription>
<value>Default,1</value>
<graphics/>
</inscription>
<tagged>
<value>false</value>
</tagged>
<arcpath id="000" x="227" y="337" curvePoint="false"/>
<arcpath id="001" x="458" y="131" curvePoint="false"/>
<type value="normal"/>
</arc>
<arc id="stab speed to Thr SAME 2" source="stab speed" target="Thr SAME 2">
<graphics/>
<inscription>
<value>Default,1</value>
<graphics/>
</inscription>
<tagged>
<value>false</value>
</tagged>
<arcpath id="000" x="241" y="249" curvePoint="false"/>
<arcpath id="001" x="205" y="190" curvePoint="false"/>
<type value="normal"/>
</arc>
<arc id="The INC to dec speed" source="The INC" target="dec speed">
<graphics/>
<inscription>
<value>Default,1</value>
<graphics/>
</inscription>
<tagged>
<value>false</value>
</tagged>
<arcpath id="000" x="308" y="330" curvePoint="false"/>
<arcpath id="001" x="361" y="259" curvePoint="false"/>
<type value="normal"/>
</arc>
<arc id="The INC to stab speed" source="The INC" target="stab speed">
<graphics/>
<inscription>
<value>Default,1</value>
<graphics/>
</inscription>
<tagged>
<value>false</value>
</tagged>
<arcpath id="000" x="291" y="329" curvePoint="false"/>
<arcpath id="001" x="246" y="259" curvePoint="false"/>
<type value="normal"/>
</arc>
<arc id="Thr SAME 2 to inc speed" source="Thr SAME 2" target="inc speed">
<graphics/>
<inscription>
<value>Default,1</value>
<graphics/>
</inscription>
<tagged>
<value>false</value>
</tagged>
<arcpath id="000" x="211" y="177" curvePoint="false"/>
<arcpath id="001" x="281" y="177" curvePoint="false"/>
<type value="normal"/>
</arc>
</net>
</pnml>
