<?xml version="1.0" encoding="ISO-8859-1"?><pnml>
<net id="Net-One" type="P/T net">
<token id="Default" enabled="true" red="0" green="0" blue="0"/>
<place id="CCS MAINT 5">
<graphics>
<position x="196.875" y="99.375"/>
</graphics>
<name>
<value>CCS MAINT 5</value>
<graphics>
<offset x="49.375" y="-5.0"/>
</graphics>
</name>
<initialMarking>
<value>Default,1</value>
<graphics>
<offset x="0.0" y="0.0"/>
</graphics>
</initialMarking>
<capacity>
<value>0</value>
</capacity>
</place>
<place id="inc setting">
<graphics>
<position x="90.0" y="99.375"/>
</graphics>
<name>
<value>inc setting</value>
<graphics>
<offset x="45.625" y="-8.75"/>
</graphics>
</name>
<initialMarking>
<value>Default,1</value>
<graphics>
<offset x="0.0" y="0.0"/>
</graphics>
</initialMarking>
<capacity>
<value>0</value>
</capacity>
</place>
<place id="The INC 2">
<graphics>
<position x="196.875" y="375.0"/>
</graphics>
<name>
<value>The INC 2</value>
<graphics>
<offset x="-3.75" y="26.875"/>
</graphics>
</name>
<initialMarking>
<value>Default,0</value>
<graphics>
<offset x="0.0" y="0.0"/>
</graphics>
</initialMarking>
<capacity>
<value>0</value>
</capacity>
</place>
<place id="Thr SAME 5">
<graphics>
<position x="298.125" y="99.375"/>
</graphics>
<name>
<value>Thr SAME 5</value>
<graphics>
<offset x="45.625" y="-7.5"/>
</graphics>
</name>
<initialMarking>
<value>Default,1</value>
<graphics>
<offset x="0.0" y="0.0"/>
</graphics>
</initialMarking>
<capacity>
<value>0</value>
</capacity>
</place>
<transition id="inc speed for CCS">
<graphics>
<position x="196.875" y="225.0"/>
</graphics>
<name>
<value>inc speed for CCS</value>
<graphics>
<offset x="-5.0" y="35.0"/>
</graphics>
</name>
<orientation>
<value>90</value>
</orientation>
<rate>
<value>1.0</value>
</rate>
<timed>
<value>false</value>
</timed>
<infiniteServer>
<value>false</value>
</infiniteServer>
<priority>
<value>1</value>
</priority>
</transition>
<arc id="CCS MAINT 5 to inc speed for CCS" source="CCS MAINT 5" target="inc speed for CCS">
<graphics/>
<inscription>
<value>Default,1</value>
<graphics/>
</inscription>
<tagged>
<value>false</value>
</tagged>
<arcpath id="000" x="208" y="126" curvePoint="false"/>
<arcpath id="001" x="207" y="231" curvePoint="false"/>
<type value="normal"/>
</arc>
<arc id="inc setting to inc speed for CCS" source="inc setting" target="inc speed for CCS">
<graphics/>
<inscription>
<value>Default,1</value>
<graphics/>
</inscription>
<tagged>
<value>false</value>
</tagged>
<arcpath id="000" x="111" y="123" curvePoint="false"/>
<arcpath id="001" x="200" y="231" curvePoint="false"/>
<type value="normal"/>
</arc>
<arc id="inc speed for CCS to CCS MAINT 5" source="inc speed for CCS" target="CCS MAINT 5">
<graphics/>
<inscription>
<value>Default,1</value>
<graphics/>
</inscription>
<tagged>
<value>false</value>
</tagged>
<arcpath id="000" x="308" y="231" curvePoint="false"/>
<arcpath id="001" x="323" y="200" curvePoint="false"/>
<type value="normal"/>
</arc>
<arc id="inc speed for CCS to inc setting" source="inc speed for CCS" target="inc setting">
<graphics/>
<inscription>
<value>Default,1</value>
<graphics/>
</inscription>
<tagged>
<value>false</value>
</tagged>
<arcpath id="000" x="306" y="231" curvePoint="false"/>
<arcpath id="001" x="186" y="187" curvePoint="false"/>
<type value="normal"/>
</arc>
<arc id="inc speed for CCS to The INC 2" source="inc speed for CCS" target="The INC 2">
<graphics/>
<inscription>
<value>Default,1</value>
<graphics/>
</inscription>
<tagged>
<value>false</value>
</tagged>
<arcpath id="000" x="208" y="241" curvePoint="false"/>
<arcpath id="001" x="208" y="372" curvePoint="false"/>
<type value="normal"/>
</arc>
<arc id="Thr SAME 5 to inc speed for CCS" source="Thr SAME 5" target="inc speed for CCS">
<graphics/>
<inscription>
<value>Default,1</value>
<graphics/>
</inscription>
<tagged>
<value>false</value>
</tagged>
<arcpath id="000" x="301" y="123" curvePoint="false"/>
<arcpath id="001" x="214" y="232" curvePoint="false"/>
<type value="normal"/>
</arc>
</net>
</pnml>
