<?xml version="1.0" encoding="ISO-8859-1"?><pnml>
<net id="Net-One" type="P/T net">
<token id="Default" enabled="true" red="0" green="0" blue="0"/>
<place id="accelerate">
<graphics>
<position x="90.0" y="120.0"/>
</graphics>
<name>
<value>accelerate</value>
<graphics>
<offset x="0.0" y="0.0"/>
</graphics>
</name>
<initialMarking>
<value>Default,1</value>
<graphics>
<offset x="0.0" y="0.0"/>
</graphics>
</initialMarking>
<capacity>
<value>0</value>
</capacity>
</place>
<place id="CCS MAINT 3">
<graphics>
<position x="240.0" y="105.0"/>
</graphics>
<name>
<value>CCS MAINT 3</value>
<graphics>
<offset x="0.0" y="0.0"/>
</graphics>
</name>
<initialMarking>
<value>Default,1</value>
<graphics>
<offset x="0.0" y="0.0"/>
</graphics>
</initialMarking>
<capacity>
<value>0</value>
</capacity>
</place>
<place id="Thr INC 3">
<graphics>
<position x="240.0" y="360.0"/>
</graphics>
<name>
<value>Thr INC 3</value>
<graphics>
<offset x="0.0" y="0.0"/>
</graphics>
</name>
<initialMarking>
<value>Default,0</value>
<graphics>
<offset x="0.0" y="0.0"/>
</graphics>
</initialMarking>
<capacity>
<value>0</value>
</capacity>
</place>
<place id="Thr SAME 3">
<graphics>
<position x="360.0" y="120.0"/>
</graphics>
<name>
<value>Thr SAME 3</value>
<graphics>
<offset x="0.0" y="0.0"/>
</graphics>
</name>
<initialMarking>
<value>Default,1</value>
<graphics>
<offset x="0.0" y="0.0"/>
</graphics>
</initialMarking>
<capacity>
<value>0</value>
</capacity>
</place>
<transition id="start accel">
<graphics>
<position x="240.0" y="255.0"/>
</graphics>
<name>
<value>start accel</value>
<graphics>
<offset x="-5.0" y="35.0"/>
</graphics>
</name>
<orientation>
<value>90</value>
</orientation>
<rate>
<value>1.0</value>
</rate>
<timed>
<value>false</value>
</timed>
<infiniteServer>
<value>false</value>
</infiniteServer>
<priority>
<value>1</value>
</priority>
</transition>
<arc id="accelerate to start accel" source="accelerate" target="start accel">
<graphics/>
<inscription>
<value>Default,1</value>
<graphics/>
</inscription>
<tagged>
<value>false</value>
</tagged>
<arcpath id="000" x="114" y="143" curvePoint="false"/>
<arcpath id="001" x="243" y="262" curvePoint="false"/>
<type value="normal"/>
</arc>
<arc id="CCS MAINT 3 to start accel" source="CCS MAINT 3" target="start accel">
<graphics/>
<inscription>
<value>Default,1</value>
<graphics/>
</inscription>
<tagged>
<value>false</value>
</tagged>
<arcpath id="000" x="253" y="132" curvePoint="false"/>
<arcpath id="001" x="255" y="263" curvePoint="false"/>
<type value="normal"/>
</arc>
<arc id="start accel to accelerate" source="start accel" target="accelerate">
<graphics/>
<inscription>
<value>Default,1</value>
<graphics/>
</inscription>
<tagged>
<value>false</value>
</tagged>
<arcpath id="000" x="249" y="262" curvePoint="false"/>
<arcpath id="001" x="114" y="142" curvePoint="false"/>
<type value="normal"/>
</arc>
<arc id="start accel to CCS MAINT 3" source="start accel" target="CCS MAINT 3">
<graphics/>
<inscription>
<value>Default,1</value>
<graphics/>
</inscription>
<tagged>
<value>false</value>
</tagged>
<arcpath id="000" x="252" y="262" curvePoint="false"/>
<arcpath id="001" x="252" y="132" curvePoint="false"/>
<type value="normal"/>
</arc>
<arc id="start accel to Thr INC 3" source="start accel" target="Thr INC 3">
<graphics/>
<inscription>
<value>Default,1</value>
<graphics/>
</inscription>
<tagged>
<value>false</value>
</tagged>
<arcpath id="000" x="252" y="272" curvePoint="false"/>
<arcpath id="001" x="252" y="358" curvePoint="false"/>
<type value="normal"/>
</arc>
<arc id="Thr SAME 3 to start accel" source="Thr SAME 3" target="start accel">
<graphics/>
<inscription>
<value>Default,1</value>
<graphics/>
</inscription>
<tagged>
<value>false</value>
</tagged>
<arcpath id="000" x="363" y="144" curvePoint="false"/>
<arcpath id="001" x="261" y="263" curvePoint="false"/>
<type value="normal"/>
</arc>
</net>
</pnml>
