<?xml version="1.0" encoding="ISO-8859-1"?><pnml>
<net id="Net-One" type="P/T net">
<token id="Default" enabled="true" red="0" green="0" blue="0"/>
<place id="brake">
<graphics>
<position x="75.0" y="82.5"/>
</graphics>
<name>
<value>brake</value>
<graphics>
<offset x="0.0" y="0.0"/>
</graphics>
</name>
<initialMarking>
<value>Default,1</value>
<graphics>
<offset x="0.0" y="0.0"/>
</graphics>
</initialMarking>
<capacity>
<value>0</value>
</capacity>
</place>
<place id="CCS MAINT 4">
<graphics>
<position x="150.0" y="67.5"/>
</graphics>
<name>
<value>CCS MAINT 4</value>
<graphics>
<offset x="0.0" y="0.0"/>
</graphics>
</name>
<initialMarking>
<value>Default,1</value>
<graphics>
<offset x="0.0" y="0.0"/>
</graphics>
</initialMarking>
<capacity>
<value>0</value>
</capacity>
</place>
<place id="CCS NOT MAIN 4">
<graphics>
<position x="195.0" y="277.5"/>
</graphics>
<name>
<value>CCS NOT MAIN 4</value>
<graphics>
<offset x="37.5" y="48.0"/>
</graphics>
</name>
<initialMarking>
<value>Default,0</value>
<graphics>
<offset x="0.0" y="0.0"/>
</graphics>
</initialMarking>
<capacity>
<value>0</value>
</capacity>
</place>
<place id="CCS On 4">
<graphics>
<position x="255.0" y="67.5"/>
</graphics>
<name>
<value>CCS On 4</value>
<graphics>
<offset x="0.0" y="0.0"/>
</graphics>
</name>
<initialMarking>
<value>Default,1</value>
<graphics>
<offset x="0.0" y="0.0"/>
</graphics>
</initialMarking>
<capacity>
<value>0</value>
</capacity>
</place>
<place id="Thr DEC 4">
<graphics>
<position x="105.0" y="277.5"/>
</graphics>
<name>
<value>Thr DEC 4</value>
<graphics>
<offset x="8.5" y="40.0"/>
</graphics>
</name>
<initialMarking>
<value>Default,0</value>
<graphics>
<offset x="0.0" y="0.0"/>
</graphics>
</initialMarking>
<capacity>
<value>0</value>
</capacity>
</place>
<place id="Thr MAN 4">
<graphics>
<position x="270.0" y="277.5"/>
</graphics>
<name>
<value>Thr MAN 4</value>
<graphics>
<offset x="59.0" y="51.5"/>
</graphics>
</name>
<initialMarking>
<value>Default,0</value>
<graphics>
<offset x="0.0" y="0.0"/>
</graphics>
</initialMarking>
<capacity>
<value>0</value>
</capacity>
</place>
<place id="Thr SAME 4">
<graphics>
<position x="345.0" y="82.5"/>
</graphics>
<name>
<value>Thr SAME 4</value>
<graphics>
<offset x="0.0" y="0.0"/>
</graphics>
</name>
<initialMarking>
<value>Default,1</value>
<graphics>
<offset x="0.0" y="0.0"/>
</graphics>
</initialMarking>
<capacity>
<value>0</value>
</capacity>
</place>
<transition id="press brake">
<graphics>
<position x="135.0" y="172.5"/>
</graphics>
<name>
<value>press brake</value>
<graphics>
<offset x="-5.0" y="35.0"/>
</graphics>
</name>
<orientation>
<value>90</value>
</orientation>
<rate>
<value>1.0</value>
</rate>
<timed>
<value>false</value>
</timed>
<infiniteServer>
<value>false</value>
</infiniteServer>
<priority>
<value>1</value>
</priority>
</transition>
<transition id="resume CCS">
<graphics>
<position x="270.0" y="172.5"/>
</graphics>
<name>
<value>resume CCS</value>
<graphics>
<offset x="-5.0" y="35.0"/>
</graphics>
</name>
<orientation>
<value>90</value>
</orientation>
<rate>
<value>1.0</value>
</rate>
<timed>
<value>false</value>
</timed>
<infiniteServer>
<value>false</value>
</infiniteServer>
<priority>
<value>1</value>
</priority>
</transition>
<arc id="CCS On 4 to press brake" source="CCS On 4" target="press brake">
<graphics/>
<inscription>
<value>Default,1</value>
<graphics/>
</inscription>
<tagged>
<value>false</value>
</tagged>
<arcpath id="000" x="256" y="90" curvePoint="false"/>
<arcpath id="001" x="150" y="180" curvePoint="false"/>
<type value="normal"/>
</arc>
<arc id="CCS On 4 to resume CCS" source="CCS On 4" target="resume CCS">
<graphics/>
<inscription>
<value>Default,1</value>
<graphics/>
</inscription>
<tagged>
<value>false</value>
</tagged>
<arcpath id="000" x="269" y="95" curvePoint="false"/>
<arcpath id="001" x="281" y="180" curvePoint="false"/>
<type value="normal"/>
</arc>
<arc id="P0 to press brake" source="brake" target="press brake">
<graphics/>
<inscription>
<value>Default,1</value>
<graphics/>
</inscription>
<tagged>
<value>false</value>
</tagged>
<arcpath id="000" x="96" y="108" curvePoint="false"/>
<arcpath id="001" x="142" y="180" curvePoint="false"/>
<type value="normal"/>
</arc>
<arc id="P1 to press brake" source="CCS MAINT 4" target="press brake">
<graphics/>
<inscription>
<value>Default,1</value>
<graphics/>
</inscription>
<tagged>
<value>false</value>
</tagged>
<arcpath id="000" x="160" y="95" curvePoint="false"/>
<arcpath id="001" x="144" y="180" curvePoint="false"/>
<type value="normal"/>
</arc>
<arc id="P3 to press brake" source="Thr SAME 4" target="press brake">
<graphics/>
<inscription>
<value>Default,1</value>
<graphics/>
</inscription>
<tagged>
<value>false</value>
</tagged>
<arcpath id="000" x="344" y="101" curvePoint="false"/>
<arcpath id="001" x="162" y="186" curvePoint="false"/>
<type value="normal"/>
</arc>
<arc id="P4 to resume CCS" source="Thr DEC 4" target="resume CCS">
<graphics/>
<inscription>
<value>Default,1</value>
<graphics/>
</inscription>
<tagged>
<value>false</value>
</tagged>
<arcpath id="000" x="130" y="282" curvePoint="false"/>
<arcpath id="001" x="276" y="190" curvePoint="false"/>
<type value="normal"/>
</arc>
<arc id="P5 to resume CCS" source="CCS NOT MAIN 4" target="resume CCS">
<graphics/>
<inscription>
<value>Default,1</value>
<graphics/>
</inscription>
<tagged>
<value>false</value>
</tagged>
<arcpath id="000" x="217" y="278" curvePoint="false"/>
<arcpath id="001" x="283" y="190" curvePoint="false"/>
<type value="normal"/>
</arc>
<arc id="P6 to resume CCS" source="Thr MAN 4" target="resume CCS">
<graphics/>
<inscription>
<value>Default,1</value>
<graphics/>
</inscription>
<tagged>
<value>false</value>
</tagged>
<arcpath id="000" x="284" y="275" curvePoint="false"/>
<arcpath id="001" x="290" y="190" curvePoint="false"/>
<type value="normal"/>
</arc>
<arc id="press brake to P0" source="press brake" target="brake">
<graphics/>
<inscription>
<value>Default,1</value>
<graphics/>
</inscription>
<tagged>
<value>false</value>
</tagged>
<arcpath id="000" x="138" y="179" curvePoint="false"/>
<arcpath id="001" x="95" y="108" curvePoint="false"/>
<type value="normal"/>
</arc>
<arc id="press brake to P2" source="press brake" target="CCS On 4">
<graphics/>
<inscription>
<value>Default,1</value>
<graphics/>
</inscription>
<tagged>
<value>false</value>
</tagged>
<arcpath id="000" x="156" y="180" curvePoint="false"/>
<arcpath id="001" x="256" y="90" curvePoint="false"/>
<type value="normal"/>
</arc>
<arc id="press brake to P4" source="press brake" target="Thr DEC 4">
<graphics/>
<inscription>
<value>Default,1</value>
<graphics/>
</inscription>
<tagged>
<value>false</value>
</tagged>
<arcpath id="000" x="141" y="190" curvePoint="false"/>
<arcpath id="001" x="121" y="275" curvePoint="false"/>
<type value="normal"/>
</arc>
<arc id="press brake to P5" source="press brake" target="CCS NOT MAIN 4">
<graphics/>
<inscription>
<value>Default,1</value>
<graphics/>
</inscription>
<tagged>
<value>false</value>
</tagged>
<arcpath id="000" x="148" y="190" curvePoint="false"/>
<arcpath id="001" x="200" y="277" curvePoint="false"/>
<type value="normal"/>
</arc>
<arc id="press brake to P6" source="press brake" target="Thr MAN 4">
<graphics/>
<inscription>
<value>Default,1</value>
<graphics/>
</inscription>
<tagged>
<value>false</value>
</tagged>
<arcpath id="000" x="155" y="190" curvePoint="false"/>
<arcpath id="001" x="271" y="281" curvePoint="false"/>
<type value="normal"/>
</arc>
<arc id="resume CCS to P1" source="resume CCS" target="CCS MAINT 4">
<graphics/>
<inscription>
<value>Default,1</value>
<graphics/>
</inscription>
<tagged>
<value>false</value>
</tagged>
<arcpath id="000" x="274" y="180" curvePoint="false"/>
<arcpath id="001" x="174" y="90" curvePoint="false"/>
<type value="normal"/>
</arc>
<arc id="resume CCS to P2" source="resume CCS" target="CCS On 4">
<graphics/>
<inscription>
<value>Default,1</value>
<graphics/>
</inscription>
<tagged>
<value>false</value>
</tagged>
<arcpath id="000" x="285" y="180" curvePoint="false"/>
<arcpath id="001" x="269" y="95" curvePoint="false"/>
<type value="normal"/>
</arc>
<arc id="resume CCS to P3" source="resume CCS" target="Thr SAME 4">
<graphics/>
<inscription>
<value>Default,1</value>
<graphics/>
</inscription>
<tagged>
<value>false</value>
</tagged>
<arcpath id="000" x="288" y="180" curvePoint="false"/>
<arcpath id="001" x="348" y="107" curvePoint="false"/>
<type value="normal"/>
</arc>
</net>
</pnml>
